Origin,Year,Cancelled,Cancelled,Delayed,Delayed,TotalFlights,DepDelay,ArrDelay,Distance,CarrierDelay,WeatherDelay,NASDelay,SecurityDelay,LateAircraftDelay,airport,city,lat,long
ATL,2008.0,0.014064574377409392,5830.0,0.4213434997296865,175017.0,414513.0,11.465194729596424,10.6939255587846,642.0949804236872,18.359373108120227,3.7912668228642823,15.0960373699098,0.020031445303071858,15.028460982745488,William B Hartsfield-Atlanta Intl,Atlanta,33.64044444,-84.42694444
ORD,2008.0,0.0431720000772308,15050.0,0.4541417356758346,159427.0,350380.0,17.51980612590165,16.12071285824182,684.2992973725113,17.06742678911138,3.6685128117614276,14.96916438776996,0.02411614510384934,26.366802288221866,Chicago O'Hare International,Chicago,41.979595,-87.90446417
DFW,2008.0,0.02576931305639871,7272.0,0.4520794982107363,127749.0,281281.0,11.805089181670667,10.37026201414451,772.2818793527108,20.570465963310692,3.111832853750617,13.12091326532323,0.013835778773590941,14.280415417940162,Dallas-Fort Worth International,Dallas-Fort Worth,32.89595056,-97.0372
DEN,2008.0,0.011283360348014236,2725.0,0.430364778893182,104414.0,241443.0,9.857425234273885,7.932467988197883,812.4354057216351,14.880630720892327,1.5168259733696798,13.157669343295685,0.030175452790371777,20.211849421630514,Denver Intl,Denver,39.85840806,-104.6670019
LAX,2008.0,0.013192924474857181,2838.0,0.40181564522757834,87258.0,215608.0,8.610433084464335,5.171985905726003,998.3738349692193,17.306252215227072,0.7856282026931928,12.84293632636903,0.0990890964893562,19.85880687288329,Los Angeles International,Los Angeles,33.94253611,-118.40807439999999
PHX,2008.0,0.009377627867220061,1875.0,0.41381512356555666,82915.0,199408.0,8.23141117818001,4.333933054045524,872.5055672219128,18.557991945521724,1.170151424184107,11.379508134512518,0.15315365258492655,16.310411675310217,Phoenix Sky Harbor International,Phoenix,33.43416667,-112.00805559999999
IAH,2008.0,0.01814730931948622,3261.0,0.46666375953646066,87139.0,185172.0,10.37273364962288,8.547977096830165,840.5766255143566,16.643178569277268,3.7350665799198555,17.584283809705536,0.2896252488177358,15.632227840358055,George Bush Intercontinental,Houston,29.98047222,-95.33972222
LAS,2008.0,0.012114752346494477,2057.0,0.4395417370497389,76240.0,172876.0,10.519589490808631,5.3841891307917535,931.7403713576083,13.370577381580892,1.257314508829391,11.07251793501833,0.11691739081104473,25.999095223946213,McCarran International,Las Vegas,36.08036111,-115.15233329999998
DTW,2008.0,0.015830068246239372,2583.0,0.36666978308730735,59837.0,161989.0,9.186796303234829,9.67189313484837,568.758945372934,18.83518972296666,4.085544987372558,17.89529790184559,0.06933855447429424,9.664293686201825,Detroit Metropolitan-Wayne County,Detroit,42.21205889,-83.34883583
SFO,2008.0,0.019953463796579994,2790.0,0.41308464214870577,58200.0,140587.0,13.468082014077659,10.7180206946763,1029.5499148674294,19.17180792072774,1.1828763596057499,9.95211268038975,0.03593702674645161,27.763655313781854,San Francisco International,San Francisco,37.61900194,-122.3748433
SLC,2008.0,0.007793425558326281,1090.0,0.31799495541050493,44669.0,139088.0,5.141225790735667,2.9663306562654377,680.8957452402133,16.76913959914435,2.189084831052252,12.932100345589518,0.10924827581829238,13.991391925269511,Salt Lake City Intl,Salt Lake City,40.78838778,-111.9777731
EWR,2008.0,0.03229663988635083,4511.0,0.5003378071143343,69612.0,138506.0,18.197791922628582,16.989957026516276,970.8303651390783,15.941663040094525,2.462733944207272,18.91551594413777,0.081613035371408,24.602311074043524,Newark Intl,Newark,40.69249722,-74.16866056
MCO,2008.0,0.00828064480805009,1083.0,0.38822660169013057,51364.0,130872.0,9.749066365895368,6.522316256209387,900.5127004139841,11.708919985664211,1.9967413368340077,19.508451712402167,0.07340126301431939,23.27590044643351,Orlando International,Orlando,28.42888889,-81.31602778
MSP,2008.0,0.013205250795520528,1729.0,0.343361132583125,44958.0,130289.0,7.421426567064077,7.459320841570879,800.6592917371732,16.65054471275833,3.9210220621376215,18.3793716334871,0.013581345436069639,9.286201552496804,Minneapolis-St Paul Intl,Minneapolis,44.88054694,-93.2169225
CLT,2008.0,0.015808810570448664,1986.0,0.3881101012398909,48936.0,126045.0,9.448646935026693,7.888853908063468,626.208568687535,15.130444238111048,1.367415027726498,20.176452957592335,0.1126845971820548,14.980331303678483,Charlotte/Douglas International,Charlotte,35.21401111,-80.94312583
LGA,2008.0,0.04804974804140424,5753.0,0.3213658486299885,38484.0,119135.0,11.142686149558061,9.984863478239614,687.7603380655984,9.899710583427334,4.468226880058274,19.11371108325483,0.016533189280399346,23.65201306693346,LaGuardia,New York,40.77724306,-73.87260917
JFK,2008.0,0.026135798425096887,3196.0,0.365961073190702,43904.0,118804.0,13.056280415760854,11.584859381991436,1166.8669979425415,16.52030703388449,4.245405601840293,24.9169050848168,0.06898462878410049,15.980969457440345,John F Kennedy Intl,New York,40.63975111,-73.77892556
BOS,2008.0,0.03097747013725764,3655.0,0.3172121097483386,37570.0,117915.0,9.550788469729023,9.132280578316779,856.8901352970535,12.114889954984205,3.1243215737346017,24.77905994043654,0.05673869492580876,18.43924218258964,Gen Edw L Logan Intl,Boston,42.3643475,-71.00517917
SEA,2008.0,0.01088189284055995,1142.0,0.4221487120803842,46162.0,109069.0,8.710427143344868,5.318098518983443,1214.1209282686127,16.919374717318288,1.5542541781550556,13.707885002544108,0.17356130501334344,16.248394986227115,Seattle-Tacoma Intl,Seattle,47.44898194,-122.30931310000001
BWI,2008.0,0.00966738496302844,1002.0,0.4485070166098079,46748.0,104074.0,10.062435077291095,6.980253709872802,701.3002619087496,13.46494378596662,2.2069936980921034,13.881232087379985,0.12288834605441161,23.953913600027093,Baltimore-Washington International,Baltimore,39.17540167,-76.66819833
PHL,2008.0,0.019768663743603355,1969.0,0.423632573213365,42583.0,100499.0,12.941114701441627,8.43225926340263,907.7229289419233,13.024157992702756,2.4692338905807505,18.796114155669937,0.11716971311007286,27.778359372372808,Philadelphia Intl,Philadelphia,39.87195278,-75.24114083
SAN,2008.0,0.013583006503352027,1251.0,0.3959002108004417,37312.0,93775.0,7.8689173648626705,4.6031213418941315,836.5225021125807,10.627046216767296,1.1890690185984383,12.94580168402233,0.1616834815249753,25.29682774045743,San Diego International-Lindbergh ,San Diego,32.73355611,-117.1896567
CVG,2008.0,0.02002425449724446,1853.0,0.3204430863508661,29465.0,91265.0,8.996045264120188,8.799983420652568,602.9732796825202,16.670009152281363,4.59215071090265,21.076399017094825,0.031842171836745224,7.161312109569745,Cincinnati Northern Kentucky Intl,Covington,39.04614278,-84.6621725
MDW,2008.0,0.014525291485308053,1246.0,0.50642890123548,44426.0,87619.0,12.60942039210719,7.396541198882921,836.1230269881102,13.427903981864732,3.788990047056361,10.492149567894398,0.07198169768552097,26.135848834500127,Chicago Midway,Chicago,41.7859825,-87.75242444
DCA,2008.0,0.03148791333842469,2735.0,0.28672984195065426,24882.0,86662.0,6.320717069190955,5.682343131865569,610.7319665135857,11.374060509098149,2.562938580723465,24.209245836845238,0.025608040794949178,17.04497585119073,Ronald Reagan Washington National,Arlington,38.85208333,-77.03772222
MEM,2008.0,0.01862678642051981,1516.0,0.2965573310781304,24163.0,80966.0,7.839362782235867,6.771780399019751,526.8732614880095,19.26692358876293,3.799517773992577,18.08375766674411,0.05965627342723384,13.789734797373422,Memphis International,Memphis,35.04241667,-89.97666667
TPA,2008.0,0.009302212882568316,727.0,0.3645710182387924,28880.0,78179.0,8.817757601242336,6.022564555766944,830.9779510411857,11.636168001363503,2.7955593911012144,17.40655743202644,0.010825153176841303,23.99885379596907,Tampa International ,Tampa,27.97547222,-82.53325
IAD,2008.0,0.026882621407622462,2077.0,0.3841840395104876,29417.0,76031.0,13.518023638697208,12.594616788811885,926.3949185284865,26.553531017887156,2.9010124741130014,17.957117598404263,0.17867871391508441,15.540128160576186,Washington Dulles International,Chantilly,38.94453194,-77.45580972
FLL,2008.0,0.00801249978192608,542.0,0.39217726570081335,26827.0,67177.0,10.751989393546195,9.160648192689075,927.3956492141327,11.168660312568477,1.154227479575841,23.935232925089114,0.09677937270128249,22.676142476589813,Fort Lauderdale-Hollywood Int'l,Ft. Lauderdale,26.07258333,-80.15275
CLE,2008.0,0.02045588501669771,1359.0,0.3431264399270196,22739.0,65795.0,9.004906420816807,8.123965115027163,613.3164077579975,15.585460004966551,2.589185948335324,22.07640778886336,0.022578736174985806,16.715574592720483,Cleveland-Hopkins Intl,Cleveland,41.41089417,-81.84939667
STL,2008.0,0.021128476601405804,1316.0,0.3866094653714988,24269.0,62733.0,9.804941345187414,7.359274572097841,678.4222726706749,10.573134633762713,2.760393872156703,17.596180077823103,0.04091099369210508,23.922272929233042,Lambert-St Louis International,St Louis,38.74768694,-90.35998972
MIA,2008.0,0.012532246697929782,787.0,0.48152294740976714,30263.0,62559.0,15.786167242855592,14.954284133187059,1030.606491770203,21.970480196302475,3.797667127282121,15.938518295960746,0.058776554414688535,16.20779752420999,Miami International,Miami,25.79325,-80.29055556
OAK,2008.0,0.015352663308873972,965.0,0.464985020684515,29189.0,62535.0,7.547274308414397,2.648704051512267,678.3538196576059,13.077311310965401,1.0527931238824084,5.890356627561285,0.15871238110198418,24.12174296521727,Metropolitan Oakland International,Oakland,37.72129083,-122.22071670000001
RDU,2008.0,0.020689058228708052,1253.0,0.340749509676264,20564.0,60179.0,9.746934341528949,8.079945144637902,553.8622487638432,12.671980089001687,2.4796030462527883,23.939357833623387,0.013321440620072207,19.661175722086806,Raleigh-Durham International,Raleigh,35.87763889,-78.78747222
MCI,2008.0,0.013749307835533046,841.0,0.3891392461431739,23308.0,59370.0,8.951694182725394,6.455346855869649,672.2206710645113,11.910953405168435,2.545761044507049,15.514754773994737,0.03208713345462496,24.827079017833032,Kansas City International,Kansas City,39.29760528,-94.71390556
PDX,2008.0,0.011658256279025747,652.0,0.3674265545504907,21343.0,57860.0,6.918766919022231,3.403024950908204,940.4087715881209,16.671513267738245,1.3661321751940179,11.796254100681422,0.057164014473734315,21.74736424006879,Portland Intl,Portland,45.58872222,-122.5975
BNA,2008.0,0.01377559866402321,791.0,0.4069602167604504,23452.0,57539.0,10.150636471372753,7.6107822373133205,657.1640964537511,11.41782460687478,1.8273907384587347,16.391695877100293,0.02409112590697664,24.96359195892309,Nashville International,Nashville,36.12447667,-86.67818222
SJC,2008.0,0.014296122485876158,806.0,0.37301946677597514,21369.0,57136.0,6.186076733447446,2.8762305448984318,662.5033622027573,11.941918498639174,1.074963332950615,7.957178485244531,0.11429196274026915,28.39630496146208,San Jose International,San Jose,37.36186194,-121.92900890000001
HNL,2008.0,0.008188305611610247,463.0,0.2508755702176635,14045.0,56276.0,2.8617031780280873,3.7988289166080667,987.9585340124967,29.065139869650398,0.3698519074435728,6.2735658254304445,0.14441794918711304,12.454804582513033,Honolulu International,Honolulu,21.31869111,-157.92240719999998
HOU,2008.0,0.02862661491984102,1584.0,0.5388166603957646,30199.0,55933.0,12.155465806926253,8.69029558870578,571.5678202263434,12.769185137847044,2.0002782210050705,8.039471305787048,0.018615378535537432,27.45218221167219,William P Hobby,Houston,29.64541861,-95.27888889
DAL,2008.0,0.018278002065635655,975.0,0.5767793406695023,31205.0,53928.0,10.884033656927093,8.685226216178917,333.88626548138325,11.944192488934464,1.755844289198496,7.891769371619492,0.03744381039892463,25.972539602716413,Dallas Love ,Dallas,32.84711389,-96.85177222
SMF,2008.0,0.009657518132262797,507.0,0.4191786362237953,22304.0,53056.0,7.39525227044346,4.211574871710487,677.9511316163929,12.404288642541355,0.9078059219449767,9.125424322833672,0.04864993448318325,26.707061196371427,Sacramento International,Sacramento,38.69542167,-121.5907669
AUS,2008.0,0.014551265124491347,732.0,0.3552758432532339,17759.0,49623.0,7.321483142938152,5.872497729170636,705.1191249388145,11.950388870103147,1.7479534310519809,16.393950889748062,0.03982658606450555,21.640328119459102,Austin-Bergstrom International,Austin,30.19453278,-97.66987194
SNA,2008.0,0.015204874913497554,726.0,0.37623199083592657,17869.0,47376.0,6.136953360225525,3.4391233589390637,765.5728246641623,9.468662016891303,0.8929343654347853,16.212129125324523,0.11682109605869079,23.494084428045294,John Wayne /Orange Co,Santa Ana,33.67565861,-117.86822250000002
SAT,2008.0,0.011971505667850128,542.0,0.3594019152349975,16348.0,45270.0,7.683199768101441,6.350066943970408,685.5511239185367,12.07382893202742,1.7177024401058683,16.986484929020758,0.1330997697711155,21.77117805628537,San Antonio International,San Antonio,29.53369444,-98.46977778
IND,2008.0,0.017551719816395365,749.0,0.3181747314353623,13595.0,42750.0,7.546343158927705,6.32452893052734,645.501171302537,12.43268426782204,2.0533633363946406,24.066060987685557,0.045388043563847104,17.79730482043998,Indianapolis International,Indianapolis,39.71732917,-86.29438417
MKE,2008.0,0.030080614937386573,1200.0,0.3562386889972551,15135.0,42700.0,10.638458185500957,11.351296462717324,509.975362780837,14.532344132814115,3.70610653667566,24.369244091454757,0.008174418073960452,16.358869420084762,General Mitchell International,Milwaukee,42.94722222,-87.89658333
PIT,2008.0,0.01791702075538121,759.0,0.35448256031792896,14878.0,41800.0,9.775211593586604,8.411232197087203,650.8350157199478,11.576848681928455,3.1473421052062363,22.25291456283753,0.05391106780961733,20.27990049735254,Pittsburgh International,Pittsburgh,40.49146583,-80.23287083
ABQ,2008.0,0.008179396733829848,333.0,0.38814289439233945,16064.0,41146.0,7.380754914226283,4.381933712633412,652.2449766249157,10.719107908977945,1.2402993363332946,9.355042316370357,0.0076758341138105125,28.14240539022919,Albuquerque International,Albuquerque,35.04022222,-106.6091944
MSY,2008.0,0.022351191678782256,814.0,0.38255963743369575,15229.0,39422.0,8.760923631616942,7.122189606260964,634.2229235629583,10.56066205079273,1.461719889912582,19.228433047118354,0.07140480937288674,24.456971711082957,New Orleans International ,New Orleans,29.99338889,-90.25802778
ONT,2008.0,0.009491685229523698,338.0,0.38750011861505373,13732.0,35072.0,6.738488221220449,4.068799748100713,589.81427274963,12.29271823873403,0.581458823079326,10.224384936033202,0.1689456528065332,24.931415057778242,Ontario International,Ontario,34.056,-117.60119440000001
CMH,2008.0,0.021827833785664746,767.0,0.3389687385335372,11659.0,34157.0,9.658912151979814,7.756795120177483,564.1839014877812,14.448901075436368,3.7210577797125794,22.54482841611329,0.01126503860800586,20.49226641897123,Port Columbus Intl,Columbus,39.99798528,-82.89188278
JAX,2008.0,0.014932470583583045,495.0,0.33334952729649964,10979.0,32685.0,8.807774323363637,6.963293946618698,590.2655913577343,10.359555883592083,2.587563576768128,22.4890898179995,0.0215200254942633,22.277477593343466,Jacksonville International,Jacksonville,30.49405556,-81.68786111
BUR,2008.0,0.016910959355029783,535.0,0.3879713101109305,12233.0,31405.0,6.888736582952657,3.292671334083487,514.755273848099,9.276917877044324,1.072537983753085,13.226087866729529,0.021689777232058813,26.313108684654438,Burbank-Glendale-Pasadena,Burbank,34.20061917,-118.3584969
BDL,2008.0,0.019609827435433994,587.0,0.3207155581190477,9487.0,29449.0,7.511330466016936,5.828972537302689,761.4117072986801,13.969036509996648,3.596742348205216,21.59910861201473,0.06399060567429941,18.14601459174455,Bradley International,Windsor Locks,41.93887417,-72.68322833
PBI,2008.0,0.008923648145882165,255.0,0.3621981082474878,10333.0,27822.0,10.888170717115367,8.256555900356483,880.0305079862225,10.817095848910084,0.8516943242254613,27.27615910336456,0.008703450513987647,23.856236081663777,Palm Beach International,West Palm Beach,26.68316194,-80.09559417
RSW,2008.0,0.00915883327736628,250.0,0.31405082796803513,8939.0,27136.0,8.058801826071717,5.9479735800379325,884.6010416222639,11.286029581937266,1.1011184859088647,26.263543291312356,0.06462552022798855,22.677448102484657,Southwest Florida International,Ft. Myers,26.53616667,-81.75516667
OMA,2008.0,0.017716495959822883,476.0,0.3211486679018757,8676.0,27007.0,8.854293209916728,7.513785528420235,645.762576381784,14.225131441831735,3.1972281566301657,20.79315767443445,0.09077750947673556,22.475616294391404,Eppley Airfield,Omaha,41.30251861,-95.89417306
TUS,2008.0,0.007464391824486549,206.0,0.3102730195444868,8396.0,26661.0,5.196114989746392,3.393752414352655,660.430337100034,16.571692514510783,1.626511000381477,11.804476257555605,0.04032861320087492,20.346555987055396,Tucson International,Tucson,32.11608333,-110.94102779999999
BUF,2008.0,0.023840038592055357,611.0,0.3587117961589468,9392.0,26281.0,10.61970547619637,9.221368764950348,567.4395870619473,11.84828415038592,3.8180180580279433,27.67799036058466,0.1851870890849506,21.633211706005948,Buffalo Niagara Intl,Buffalo,42.94052472,-78.73216667
OKC,2008.0,0.015678273353207976,395.0,0.34056913468177985,8653.0,25152.0,7.832779765358688,6.3798478507695515,566.3599073498382,13.934625050540937,2.630267864032817,15.465182102472705,0.08919349149717798,24.516696884265702,Will Rogers World,Oklahoma City,35.39308833,-97.60073389
RNO,2008.0,0.0102014284703021,256.0,0.38797784224335113,9566.0,24286.0,7.670540209006105,4.702629434219141,518.4143757520677,11.305608286205121,1.2216414065444667,12.185509049423501,0.012230169731274998,27.77551605584415,Reno/Tahoe International,Reno,39.49857611,-119.76806470000001
BHM,2008.0,0.01630917473250471,385.0,0.3645770620196165,8659.0,23679.0,9.12797876458191,8.115604650586455,519.7981842660134,12.394171963653577,2.8701187761271445,19.962925844530076,0.05693784394623872,21.932342631171718,Birmingham International,Birmingham,33.56294306,-86.75354972
TUL,2008.0,0.015343079817017704,361.0,0.3500775482182295,8276.0,23459.0,7.836989826084988,6.298020510659576,523.5177102967797,13.624970814301413,3.0914331015709227,15.427273110888713,0.19942886206180674,23.447617683196246,Tulsa International,Tulsa,36.19837222,-95.88824167
PVD,2008.0,0.01683035363762615,379.0,0.37689958239079924,8497.0,22509.0,10.374648709931641,7.308700750008112,668.428001713293,9.974537914854919,4.508684625834409,26.827028024376947,0.05546018071928044,20.68177207546572,Theodore F Green State,Providence,41.72399917,-71.42822111
SDF,2008.0,0.017925485982133022,405.0,0.3590433898770715,8097.0,22458.0,10.931293854228983,9.385397466229149,462.49608630462626,13.852967677026191,3.8275908292349015,23.963471481947142,0.08277775711765466,23.31401737289436,Louisville International-Standiford ,Louisville,38.17438889,-85.736
SJU,2008.0,0.010428646959071896,238.0,0.3682994850125994,8086.0,21676.0,11.164135404425108,9.256226738896874,1517.6801830193117,21.91512978519587,0.20885424813120465,12.620309537699319,0.05790163305481801,26.0821864600256,Luis Munoz Marin International,San Juan,18.43941667,-66.00183333
ELP,2008.0,0.00944141424090143,195.0,0.3756494112179667,7815.0,20731.0,6.595111002810616,4.027145349226197,558.4965019797714,11.116910701087214,1.1686474298700624,9.821429851325865,0.20274102203279373,26.690091016903008,El Paso International,El Paso,31.80666667,-106.37780559999999
RIC,2008.0,0.024877347554563372,496.0,0.30325921405687684,6066.0,19977.0,10.203237346456714,9.916193240938181,509.20494060557235,14.003272108435809,3.077645280925033,28.96300550747849,0.019926829540135086,17.99011225390406,Richmond International,Richmond,37.50516667,-77.31966667
OGG,2008.0,0.014258856328218801,287.0,0.23828316294067964,4745.0,19940.0,2.2021388314430337,2.7848155977692515,834.1667622468857,24.635397981911705,0.28205953081901963,6.567729962926703,0.05668591094207709,22.407772695700444,Kahului,Kahului,20.89864972,-156.43045780000003
ANC,2008.0,0.01405912546701626,268.0,0.3920781950294883,7593.0,19327.0,7.027634599315392,3.633160904883999,1210.7063034255766,18.910882081384788,2.313568228114579,8.441683447511624,0.08789371147523738,16.95055331990044,Ted Stevens Anchorage International,Anchorage,61.17432028,-149.9961856
MHT,2008.0,0.016215741843931118,298.0,0.36544283458211013,6792.0,18588.0,10.493186336977615,7.441340836711561,683.9717986011607,11.398709941682073,4.910449026001765,24.88193859680912,0.0796554390578768,22.1948138102488,Manchester,Manchester,42.93451639,-71.43705583
BOI,2008.0,0.007035200112602243,120.0,0.31538869622210414,5422.0,17024.0,6.797450775685665,4.268982064465786,548.6574554518405,12.245922032148473,0.6681989236659494,17.238365816172873,0.08145728158766548,27.88682998604673,Boise Air Terminal,Boise,43.56444444,-116.22277779999999
DSM,2008.0,0.033987539444809735,559.0,0.2922200131990356,4857.0,16643.0,9.214705653496056,8.912613707580874,545.6107218919623,15.53244209142808,3.7753110825574137,21.72321005874181,0.01816677106234676,22.90292269280891,Des Moines International,Des Moines,41.53493306,-93.66068222
GRR,2008.0,0.029056863150385647,471.0,0.2801877620062703,4598.0,16616.0,8.2267079378289,8.54293954111555,360.8579478584032,15.747308450221084,3.6405968838422873,24.197195500991622,0.08127503782959965,18.82407326096321,Kent County International,Grand Rapids,42.88081972,-85.52276778
ORF,2008.0,0.01814538770791906,303.0,0.33926717324121874,5603.0,16458.0,9.7428426494641,8.165543825184857,587.7678767640977,17.552432112167065,3.3765151170118393,20.20839543538824,0.05006569129628136,20.69831833633623,Norfolk International,Norfolk,36.89461111,-76.20122222
COS,2008.0,0.014907831788579866,250.0,0.27526095479042384,4511.0,16201.0,6.380956834795355,6.446010322351455,565.2411193241379,20.326524350825405,2.9917352044516874,16.608529553362573,0.2053028652669332,16.278532993372085,City of Colorado Springs Muni,Colorado Springs,38.80580556,-104.70025
DAY,2008.0,0.023495809291884356,362.0,0.2812328454092439,4410.0,15791.0,7.275833657533959,6.817326908392416,469.15301428486026,15.999294119522197,2.313478273231893,23.28553795664867,0.0073587907716786,18.394170338950307,James M Cox Dayton Intl,Dayton,39.90237583,-84.219375
GEG,2008.0,0.013295873634191185,193.0,0.34012832460137776,5333.0,15560.0,6.117821877699094,3.746826413819431,581.6846639051723,16.530582983072154,2.623221560082953,8.877444669983804,0.10082433227162406,21.664320512988905,Spokane Intl,Spokane,47.61985556,-117.5338425
LGB,2008.0,0.008584308368937992,134.0,0.31521157658172444,4949.0,15443.0,6.5545392763722985,3.448587890555748,974.2162753502126,16.97213086096549,0.9727816119773044,17.568590701119327,0.10085810197638641,19.898965873546054,Long Beach (Daugherty ),Long Beach,33.81772222,-118.1516111
LIT,2008.0,0.020855461092253166,323.0,0.390328044561713,6030.0,15369.0,11.389053040552831,9.805281045019742,446.79343060511246,16.79704825466941,3.8522947666888476,14.488735824056102,0.022673456711351483,26.014878523485653,Adams ,Little Rock,34.72939611,-92.22424556
FAT,2008.0,0.012229026359006958,171.0,0.2671889345474337,3793.0,14278.0,5.988251723267292,4.747760937791276,374.9284415828654,22.15346657204626,2.8785018108613474,19.872145275991553,0.028310007227807344,11.82986084134395,Fresno Yosemite International,Fresno,36.77619444,-119.7181389
ROC,2008.0,0.029580506394637145,432.0,0.31508778092531836,4493.0,14264.0,10.892636228633343,11.83826568617936,509.24799080369695,11.163150348320036,2.6313192145602677,32.96475963939391,0.019533480354090606,20.173532282797044,Greater Rochester Int'l,Rochester,43.11886611,-77.67238389
CHS,2008.0,0.02968967246747349,415.0,0.3220449322938786,4595.0,14181.0,10.467713205973673,9.758757506087372,505.2330905754855,15.353968463645629,3.7409161618757305,25.47675853118138,0.01730434230170251,15.357636846732904,Charleston AFB/International,Charleston,32.89864639,-80.04050583
XNA,2008.0,0.03319536937003665,470.0,0.31388260151784536,4437.0,14112.0,11.421460889081445,11.120158352090174,562.3756359396021,17.253022706811578,3.6309479473416784,25.762309224606685,0.06214312091038909,20.890153043426697,Northwest Arkansas Regional,Fayetteville/Springdale/Rogers,36.28186944,-94.30681111
ICT,2008.0,0.031682515507151385,452.0,0.3068665663355002,4325.0,14050.0,8.772647480388065,8.625911810272667,586.7042178005247,14.646300641100813,3.451302088386813,24.582762096489187,0.010714285714285713,19.745982750205073,Wichita Mid-Continent,Wichita,37.64995889,-97.43304583
TYS,2008.0,0.01933718122277405,267.0,0.29447819439110945,4136.0,14004.0,9.305759404835774,8.253449579018545,490.64396255669317,16.795944109512302,4.975309202642182,24.83438409426203,0.06260968199296364,16.97397916695264,McGhee-Tyson,Knoxville,35.81248722,-83.99285583
MSN,2008.0,0.04668496965955088,634.0,0.29624252189767025,4103.0,13961.0,9.68330333026991,9.825372746845556,341.49784110078895,11.827858620445625,2.510698100164521,30.029841909854145,0.03443845163123688,20.797889235581486,Dane County Regional,Madison,43.13985778,-89.33751361
SAV,2008.0,0.02708256485276411,361.0,0.32176475231845275,4471.0,13774.0,10.562997146528167,10.593642870947669,511.8826496452703,16.85515411382571,2.765790239693344,25.042627901626897,0.056452883182379614,16.05136152474139,Savannah International,Savannah,32.12758333,-81.20213889
GSO,2008.0,0.03378190129988027,455.0,0.278392160313836,3782.0,13558.0,9.267227663716586,8.174282056096832,505.9248317799217,18.093296956218644,3.167267754293331,24.62342320577538,0.07628776284861875,15.789010911686775,Piedmont Triad International,Greensboro,36.09774694,-79.9372975
ALB,2008.0,0.019825991239147016,263.0,0.3261107128748373,4404.0,13474.0,9.075846127797456,7.347081546752325,620.0898647373855,13.655215975299022,3.5865021405975916,23.825581145535732,0.01800616093168382,18.85034498760114,Albany Cty,Albany,42.74811944,-73.80297861
LIH,2008.0,0.007876674296222401,103.0,0.18369582258647058,2426.0,13184.0,0.06182451100642509,1.7390596244870586,553.3934254668533,21.152132404396227,0.7149815497451625,5.881594199537791,0.09427960156379318,22.76891246186359,Lihue,Lihue,21.97598306,-159.3389581
KOA,2008.0,0.005679668811098982,73.0,0.21743529189814778,2774.0,12710.0,1.7791806767725007,3.8906462400186066,720.2932802539173,23.161260589464888,0.22520180677547483,8.084667657233082,0.06687542778997606,20.87406178544381,Kona International At Keahole,Kailua/Kona,19.73876583,-156.0456314
JAN,2008.0,0.020369740647560444,256.0,0.3114855424438665,3949.0,12609.0,7.641657718837783,6.245877145292311,449.1190054562039,16.307889616489145,4.529581562463026,15.981820488876096,0.04249400182013733,22.569814902436523,Jackson International,Jackson,32.31116667,-90.07588889
SBA,2008.0,0.01595506852600757,203.0,0.2654180523492138,3334.0,12568.0,6.9070087142722825,5.490153852655246,316.4107623819579,14.889983571588763,2.0502554325295157,25.877337131351165,0.3830031766098842,16.973584429365683,Santa Barbara Municipal,Santa Barbara,34.42621194,-119.8403733
SYR,2008.0,0.025347833475547452,310.0,0.33031551846492546,3987.0,12032.0,11.442947947804162,11.903770971884532,500.10925527441094,16.08418638299283,2.2955864067802776,28.091436207406247,0.07415239161603136,18.078479954457993,Syracuse-Hancock Intl,Syracuse,43.11118694,-76.10631056
PSP,2008.0,0.011894312762695808,155.0,0.2914468205944471,3650.0,11979.0,5.478637331788804,5.264195516982605,510.43527034080967,20.431998493866722,1.3326829403216112,13.599071869705382,0.027024128627551852,17.265355553098832,Palm Springs International,Palm Springs,33.82921556,-116.5062531
GSP,2008.0,0.03515721742884364,418.0,0.2600794894882356,3079.0,11856.0,8.628483649343602,7.181577834260074,498.29638735812745,14.895413939136295,3.4019627476208494,25.75401479649736,0.025636944769257042,20.3915159348303,Greenville-Spartanburg,Greer,34.89566722,-82.21885833
HSV,2008.0,0.024832358418282935,268.0,0.27364047145618436,2945.0,10791.0,7.371733506667554,8.359127330353294,448.193591855274,14.546528187846356,5.476405904266172,17.638068362942022,0.04647459168337728,19.162764593873955,Huntsville International ,Huntsville,34.6404475,-86.77310944
HPN,2008.0,0.032164187955554126,346.0,0.33340032989056523,3594.0,10715.0,9.922997103884017,9.974544851482133,846.816112501203,13.263681101837415,3.5465999665422028,27.467521445007467,0.04334458134410794,19.249410091001753,Westchester Cty,White Plains,41.06695778,-73.70757444
CAE,2008.0,0.03689641413125245,389.0,0.3274436557807341,3456.0,10550.0,12.896405506955515,11.383236352804884,503.594899365994,26.300762912711523,1.9080721804099647,25.501561023601763,0.055926132918374345,15.462471777491702,Columbia Metropolitan,Columbia,33.93884,-81.11953944
LEX,2008.0,0.029492427464047333,294.0,0.24631336921782232,2535.0,10344.0,9.29225218247374,7.314084425671076,375.15444419134354,17.0183795719811,3.955128396298054,33.761303802185765,0.03144889979996363,16.128285467761728,Blue Grass ,Lexington,38.03697222,-84.60538889
ISP,2008.0,0.006854194295460842,70.0,0.4621491433404575,4726.0,10183.0,8.615832067841371,3.8717719301369797,839.0489593482457,12.916627245534771,3.743709481492379,10.792527916685769,0.9234109522015107,22.888710074141475,Long Island - MacArthur,Islip,40.7952425,-73.10021194
SGF,2008.0,0.04203523484676173,428.0,0.29312639222145537,2980.0,10087.0,12.605124087426864,12.203085342925677,425.4957888581096,31.567941668330505,5.430873459068995,25.38735457227669,0.0210551942156882,16.811603372726207,Springfield-Branson Regional,Springfield,37.24432611,-93.38685806
PNS,2008.0,0.02157928027007019,201.0,0.2954245967052399,2815.0,9497.0,6.968290154756512,7.2716299439580725,399.4780419654268,11.00460710642494,2.4273454878169933,17.002162338493328,0.0,26.635557057172587,Pensacola Regional,Pensacola,30.47330556,-87.18744444
CID,2008.0,0.04988276698406469,460.0,0.2967567287959081,2778.0,9377.0,10.922898235787613,10.672224979154217,414.1469941860483,13.399494253668877,4.50775245099502,27.536059185887993,0.0766397949569572,20.296971575900134,Eastern Iowa ,Cedar Rapids,41.88458833,-91.71087222
CAK,2008.0,0.02517239192994256,225.0,0.3167709111349813,2854.0,8994.0,10.061932284062197,10.569921664881173,550.8637761050869,16.64002805511675,3.1773715338624196,26.017778502279924,0.05944669365721997,17.654583355787533,Akron-Canton Regional,Akron,40.91631194,-81.44246556
BTR,2008.0,0.03614547417999635,319.0,0.3424533927815972,3065.0,8941.0,11.447332444360663,12.675819265182062,385.1263441605897,18.60994211639923,6.537261877869608,20.45467089878996,0.06535611376215263,20.61148046280654,"Baton Rouge Metropolitan, Ryan ",Baton Rouge,30.53316083,-91.14963444
FNT,2008.0,0.018923234031475143,167.0,0.262520007077525,2315.0,8749.0,5.4022832222736055,5.862570305343808,478.2061213183866,15.45965940633966,3.7209917796961904,21.45106368516838,0.05205846962144087,16.645865838445292,Bishop,Flint,42.96550333,-83.74345639
MLI,2008.0,0.033817032947176466,288.0,0.3261349593309218,2789.0,8567.0,10.986235449415231,9.562270547270204,454.6123889446466,14.019793326301675,3.4997664960325614,26.027632291383373,0.04774637434179979,23.392982783845028,Quad City,Moline,41.44852639,-90.50753917
GPT,2008.0,0.021597048846903125,180.0,0.25904954112504175,2221.0,8541.0,7.098454095371941,7.189755629926057,399.5801514728144,16.124443850630286,3.552643991589069,20.707284774832093,0.02254934723007861,23.364237909392426,Gulfport-Biloxi Regional,Gulfport-Biloxi,30.40728028,-89.07009278
LBB,2008.0,0.012324175407731529,104.0,0.37865692647836086,3149.0,8249.0,8.559362205450205,6.451821566675122,329.5287603634479,10.173088293768563,5.877581906164047,6.30266413840643,0.02966982715759502,31.50419561928555,Lubbock International,Lubbock,33.66363889,-101.8227778
SHV,2008.0,0.033375088973092104,268.0,0.25906956244966745,2078.0,8079.0,6.968320880411379,6.4543060848932825,330.13926675017086,16.586930731952922,6.205093161052903,14.976954149548755,0.08869839895954938,23.100510787333846,Shreveport Regional,Shreveport,32.446627500000005,-93.82559833
ITO,2008.0,0.005920280375176446,49.0,0.18266060542659637,1468.0,8051.0,-0.1412905488584614,2.5502833757211545,205.83140330802837,21.72090461135379,1.107312480387472,3.3782621300923474,0.13983739837398376,15.127041085979391,Hilo International,Hilo,19.72026306,-155.04847030000002
GRB,2008.0,0.04716015621195074,365.0,0.28715940173826077,2268.0,7930.0,10.625731168723753,11.231009562203946,217.0811640122289,13.63136095837924,3.731283084178608,27.954315154670628,0.010571006153600257,25.622700357582143,Austin Straubel International,Green Bay,44.48507333,-88.12959000000001
MRY,2008.0,0.026661743783929426,201.0,0.30663800096209376,2356.0,7607.0,7.51263554109221,6.446031314491688,287.76320100923806,15.803389338095295,1.3806958963075735,23.474896832001004,0.07072829131652661,20.67503009556744,Monterey Peninsula,Monterey,36.5869825,-121.84294779999999
MDT,2008.0,0.023933272517283912,186.0,0.28537511196154164,2183.0,7594.0,9.267879023513649,7.680289086041707,500.8315232191089,21.0057080165259,4.532908337009057,23.202355021439406,0.04645912843922273,19.635107934871183,Harrisburg Intl,Harrisburg,40.19349528,-76.76340361
AMA,2008.0,0.017023714274223348,128.0,0.3595183670065459,2690.0,7496.0,8.148109199793392,5.8036695175755995,363.6585803556646,10.600733159985635,6.778924318280992,7.717162109359395,0.024191180710774644,33.35928930923584,Amarillo International,Amarillo,35.2193725,-101.7059272
BTV,2008.0,0.027191402734689122,190.0,0.30055958157667456,2098.0,7005.0,11.962968374407255,13.316129415226266,496.7148755559779,14.28487394030954,2.002940815444578,35.066712302145355,0.11983929741549926,17.095968753305122,Burlington International,Burlington,44.47300361,-73.1503125
PWM,2008.0,0.03163631802489354,222.0,0.3038333338136963,2148.0,6897.0,11.942200554617159,12.549313582213285,593.2274222474329,17.29648181291687,3.3175968767847426,32.758397617048665,0.01846487872771982,15.863262390157645,Portland International Jetport,Portland,43.64616667,-70.30875
MAF,2008.0,0.011700466320055869,82.0,0.39233705003667785,2702.0,6839.0,9.080375185308052,7.761965538399768,372.86780224176556,10.879443467663544,3.4936993078724843,12.114117860062324,0.0947495313864183,31.510084464012607,Midland International,Midland,31.94252778,-102.20191390000001
VPS,2008.0,0.01925654553109801,132.0,0.26781326845619075,1833.0,6820.0,9.462184064786806,11.114012794178864,422.9149806968259,24.19354354664792,4.805492992149742,19.004346100545302,0.025560060294194085,18.95034346445004,Eglin Air Force Base,Valparaiso,30.48325,-86.5254
SRQ,2008.0,0.011833759786174137,82.0,0.31843082204933887,2144.0,6432.0,9.175296908784029,9.92569787202544,668.1056512082945,12.236990796307952,3.8018892600286596,23.5709662636845,0.0,20.97445112639139,Sarasota Bradenton International,Sarasota,27.39533333,-82.55411111
PHF,2008.0,0.017504353750411962,112.0,0.2872463864133246,1858.0,6406.0,7.754416236152845,8.522140595418692,502.418512104819,12.502315877142635,2.37478615556924,26.84991537728749,0.0008090614886731391,19.39769910300966,Newport News/Williamsburg International,Newport News,37.13189556,-76.4929875
MOB,2008.0,0.031500519137026055,203.0,0.2684140418074403,1703.0,6348.0,6.899929388242843,7.640612158252297,399.7409846805412,15.313647847183548,6.07541282507308,20.14605244404282,0.008264462809917356,16.989148731522572,Mobile Regional,Mobile,30.69141667,-88.24283333
FWA,2008.0,0.04892064008640015,298.0,0.29456796411020364,1807.0,6144.0,12.157175248270358,11.375149349913153,304.7227664352831,23.893776215840912,2.292172909928497,28.40083938647079,0.04329501915708812,17.63484252988965,Fort Wayne International,Fort Wayne,40.97846583,-85.19514639
TLH,2008.0,0.019685338380234767,119.0,0.3017110934522027,1705.0,5912.0,7.565960541605816,6.9755279983366725,343.33856956908375,17.61530739604809,5.486517385484546,16.892702235740796,0.005747126436781609,16.177437170056535,Tallahassee Regional,Tallahassee,30.39652778,-84.35033333
ATW,2008.0,0.056078090105001865,311.0,0.2734348263814282,1573.0,5873.0,10.205544729877234,10.465018907544241,282.40251712132715,16.814103230256865,5.508027304609854,25.990623950284796,0.03059071729957806,17.383433084693,Outagamie County Regional,Appleton,44.25740806,-88.51947556
SBP,2008.0,0.01700172590525302,102.0,0.2518158279634298,1456.0,5846.0,7.290215280158518,5.44551951830638,249.89624576691241,16.755223792080532,2.2532243222910067,31.704653635451532,0.0,18.1429044902723,San Luis Obispo Co-McChesney ,San Luis Obispo,35.23705806,-120.64239309999999
EVV,2008.0,0.043075087134834704,249.0,0.24765782005717465,1445.0,5844.0,6.880861570678621,5.482107277378218,325.9758481016295,13.920436126173533,5.083016450222855,21.668537141092298,0.006172839506172839,24.533958828076027,Evansville Regional,Evansville,38.03799139,-87.53062667
FSD,2008.0,0.02028020649352186,115.0,0.2769433316347335,1602.0,5828.0,10.266166190032575,10.212013641050072,414.4656055463798,12.237386876964031,4.493311813618875,31.78914562202333,0.0,24.075113761034157,Joe Foss ,Sioux Falls,43.58135111,-96.74170028
EUG,2008.0,0.0157675343183533,93.0,0.23841602730888686,1368.0,5749.0,5.482517574707074,4.271886008360535,500.92155731403324,12.981390013751286,1.1851763275328526,26.37298715690918,0.185406850882161,23.67933954407945,Mahlon Sweet ,Eugene,44.123259999999995,-123.21868559999999
MFR,2008.0,0.022696095745151846,120.0,0.2786165232189348,1594.0,5652.0,8.356558733418568,7.30165051833977,405.19976699333716,16.95164230491422,1.6184746071051126,31.784078404206184,0.09677661169415293,17.451013173139266,Rogue Valley International,Medford,42.37422778,-122.8734978
PIA,2008.0,0.05397004697295226,300.0,0.2617372015834139,1465.0,5581.0,9.72837274926281,8.673746271701036,310.7131323777971,12.286172582843262,2.0913110562781934,35.6093955412588,0.05013597645287538,18.547692086091573,Greater Peoria Regional,Peoria,40.66424333,-89.69330556
MYR,2008.0,0.028079209181197263,139.0,0.22010188633344696,1198.0,5335.0,6.751474507729996,5.709877834890681,291.95579052443696,18.181941691595977,2.77532125721527,22.928189375714652,0.0,17.292332102457454,Myrtle Beach International,Myrtle Beach,33.67975,-78.92833333
SBN,2008.0,0.06397779880181179,327.0,0.3603471453007623,1896.0,5319.0,16.37412647351278,13.677834265242723,224.0507945899657,26.300821359405408,4.655734442888551,26.969301917580268,0.05278219299046923,16.86082265562356,South Bend Regional,South Bend,41.70895361,-86.31847417
ASE,2008.0,0.08153061345365832,486.0,0.3136810908995678,1920.0,5307.0,10.152720393050839,9.06028065519336,219.5240433388144,15.90551028895399,13.733487901517606,13.425882210199154,0.36159074938238106,19.11522000894147,Aspen-Pitkin Co/Sardy ,Aspen,39.22316,-106.868845
CRP,2008.0,0.025917366494094544,136.0,0.3098777001982134,1589.0,5270.0,6.466678723964766,4.8841931911046705,270.17033676903014,5.8867080173577655,4.958609977730062,11.731818378799419,0.0,33.6509106202929,Corpus Christi International,Corpus Christi,27.77036083,-97.50121528
GJT,2008.0,0.015655187681553565,78.0,0.2565857639191493,1322.0,5152.0,4.89952812265073,2.694744456750288,322.5070173453218,29.79742414108168,7.171389351468222,8.812369279029452,0.2279248906920628,14.010239757630899,Walker ,Grand Junction,39.1224125,-108.5267347
LFT,2008.0,0.03395924955918464,165.0,0.26179625840604437,1284.0,4879.0,7.379380823895125,8.104141599396703,298.96142974549815,15.75378065617768,8.078488102844801,21.20821141974854,0.04956272724063681,20.712275430569104,Lafayette Regional,Lafayette,30.20527972,-91.987655
FAI,2008.0,0.014724826508599069,68.0,0.29679370990504744,1418.0,4822.0,3.89480326252812,3.087598919027164,638.1523633361494,19.144673266788562,1.1349220046543245,7.329996034354686,0.0907185515647065,23.289041757566448,Fairbanks International,Fairbanks,64.8136775,-147.8596694
ABE,2008.0,0.031981480506191366,152.0,0.2556486554167739,1219.0,4807.0,8.255493459045452,8.025190312368053,534.6860300778283,18.703405123579586,4.492700950769291,28.047713886584432,0.016339869281045753,15.633634448628973,Lehigh Valley International,Allentown,40.65236278,-75.44040167
BMI,2008.0,0.046006888091171094,225.0,0.31146233387361094,1487.0,4801.0,12.151690281128245,11.880471413788223,386.4422786499856,15.442588334585407,3.5707864031083063,26.693732575227255,0.026620370370370367,21.534822112839706,Central Illinois Regional,Bloomington,40.47798556,-88.91595278
BZN,2008.0,0.008711901530142153,42.0,0.24099466277517637,1172.0,4659.0,3.965460072305076,4.00403952247378,579.1727565155735,14.75406322384057,2.371557684822713,20.774713360031477,0.0,20.5241374288572,Gallatin ,Bozeman,45.77690139,-111.15300719999999
CHA,2008.0,0.029631033219144884,135.0,0.22231268342997054,1010.0,4571.0,7.532643704828042,7.6118086360542785,321.03691048833457,19.718478063017084,6.933010800389009,23.412354389419818,0.0,16.05840626948224,Lovell ,Chattanooga,35.03526833,-85.20378778
BIL,2008.0,0.009086850904431593,41.0,0.20004577932075177,905.0,4505.0,0.6992305007587678,0.13131918063555373,489.71909388458397,14.177783259326587,3.9530399225906923,11.613721302463958,0.17543009807036655,24.582802159317158,Billings Logan Intl,Billings,45.8076625,-108.54286110000001
BFL,2008.0,0.011886910527056727,52.0,0.18247702863951518,827.0,4502.0,1.6590894182081881,0.6183347490549324,354.5363500466603,15.153402463171581,2.0625770064276616,18.79589328477231,0.10388252773331014,17.847265728777895,Meadows ,Bakersfield,35.43359806,-119.05676809999999
FAR,2008.0,0.021914573485024996,98.0,0.24326803702836308,1085.0,4431.0,7.3041653606387955,7.591213233040574,452.4111138321352,9.071448747537099,2.763004215653868,34.84231366989054,0.006006006006006006,20.63574223456612,Hector International,Fargo,46.91934889,-96.81498889
HRL,2008.0,0.0387598368325127,174.0,0.43070308642650645,1896.0,4421.0,10.16221513733642,7.115408189275942,272.2359720828187,4.875974591790554,1.4179787747244597,6.162631162914299,0.0,36.87408555618398,Valley International,Harlingen,26.22850611,-97.65439389
JNU,2008.0,0.026783437477228524,105.0,0.44801134315173546,1975.0,4410.0,14.529337295462454,12.09395824016338,457.42993204003955,19.304520502713036,2.525584968628265,6.3576498432265085,0.08361853689282793,34.50338090927533,Juneau International,Juneau,58.35496194,-134.57627639999998
AVL,2008.0,0.023284474380942676,100.0,0.2842463052990123,1259.0,4399.0,9.899247364229081,7.901232995925409,416.4277499531485,17.13493969226398,4.764950261096479,27.53711506970654,0.041666666666666664,16.531907869676555,Asheville Regional,Asheville,35.43619444,-82.54180556
TVC,2008.0,0.044382207367501474,165.0,0.29736704436734307,1238.0,4262.0,12.227842572362425,12.90008444242392,249.37657489935717,15.917427044806248,3.0371372715504976,35.80653057793432,0.0,17.29565029271437,Cherry Capital,Traverse City,44.74144472,-85.582235
SWF,2008.0,0.012035335671975157,53.0,0.28719990949037943,1275.0,4249.0,6.686835370109969,6.145879798532097,834.6630639314661,23.549461328875953,3.750172290821397,19.616536268886716,0.01455026455026455,14.110286982111027,Stewart,Newburgh,41.50409361,-74.10483833
RAP,2008.0,0.024503677593905693,96.0,0.23314915572252506,964.0,4161.0,1.7273454984094514,1.1300829498149356,401.2593149012476,12.682150811034147,4.3789587096016325,15.159555351331228,0.0,20.384305510662866,Rapid City Regional,Rapid City,44.04532139,-103.0573708
MFE,2008.0,0.02738619051504751,114.0,0.2044525913981875,845.0,4116.0,3.6945811321506636,5.349371660586956,370.809045118579,12.32033243581393,3.281923908710601,19.968696332886147,0.0,25.313413769747214,McAllen Miller International,McAllen,26.17583333,-98.23861111
AZO,2008.0,0.0790567625946958,314.0,0.24708472826550967,988.0,3924.0,8.754905879235256,8.233566572635063,141.74990602110535,15.026829618583038,1.6846036644474713,29.94539254446528,0.0717903012020659,21.529057571350155,Kalamazoo County,Kalamazoo,42.234875,-85.55205749999999
PFN,2008.0,0.022475766682046264,84.0,0.24458002764914352,949.0,3875.0,10.786282968016492,9.78695016959519,300.75018827902534,26.62705442298417,6.948497282856693,16.35484724151331,0.0,18.71324451241193,Panama City-Bay County International,Panama City,30.21208333,-85.68280556
YUM,2008.0,0.022409998692756252,91.0,0.24576901979776059,961.0,3871.0,2.931762568190919,3.350976749531913,218.83577980318606,33.61102608111458,1.9093585602037255,9.124383514821053,1.1522354994646131,6.6721088806103666,Yuma MCAS-Yuma International,Yuma,32.65658333,-114.60597220000001
MGM,2008.0,0.018053391560826578,70.0,0.244014819182126,942.0,3851.0,8.026342224327083,8.464406910469028,210.3778374313167,19.814475847111737,6.110226299816463,21.608950827179907,0.0,9.86358672737016,Montgomery Regional Apt,Montgomery,32.30064417,-86.39397611
JAC,2008.0,0.027939121341965394,96.0,0.29023747761802715,1145.0,3766.0,9.485396294478383,10.772846753644494,465.4397774850875,18.003840183684513,5.988523463625438,13.43028590623008,0.005775577557755776,24.7235635094515,Jackson Hole,Jackson,43.60732417,-110.7377389
GRK,2008.0,0.03405871196922561,134.0,0.30182834963011423,1174.0,3733.0,8.363562418366552,7.736310954560646,305.31571765451594,16.58209412862308,4.217754853016192,12.276604309858937,0.027942022321759147,24.031096592560363,Robert Gray AAF,Killeen,31.06489778,-97.82779778
ROA,2008.0,0.038728900295572403,143.0,0.31976735183730076,1185.0,3720.0,11.629020372233702,9.842154637399778,363.1591553749378,20.14828624939746,3.7166990237912816,30.708926778944704,0.3783971409068158,16.24497120942633,Roanoke Regional/ Woodrum ,Roanoke,37.32546833,-79.97542833
ACV,2008.0,0.03464363799857472,128.0,0.3687613295059214,1379.0,3714.0,15.39656704783142,15.053628597919205,262.6508349064135,11.581944058112631,2.286932328103689,37.00223519486118,0.008026787398604037,21.46388178754368,Arcata,Arcata/Eureka,40.97811528,-124.1086189
LAN,2008.0,0.044161516952189235,167.0,0.25979382672279316,957.0,3693.0,10.68365459837299,12.017758129564477,151.00450772658147,12.01079330071343,2.1822710343517415,34.59635177548124,0.06736111111111111,19.501749619634804,Capital City,Lansing,42.7787,-84.58735806
DRO,2008.0,0.02418801794071455,91.0,0.19745449781735747,726.0,3674.0,2.478131499406676,0.7020179608713226,281.6331691464822,26.85066407112946,12.008486480698073,8.576757247730784,0.04938271604938271,12.39645463797145,Durango-La Plata County,Durango,37.15151667,-107.75376920000001
RDM,2008.0,0.007752744442886521,26.0,0.306139125617886,1053.0,3434.0,6.589898591737559,4.819338175050999,314.25644926615524,13.285743425033553,2.115033883399923,27.11990390865664,0.05998763141620284,13.230674439142811,Roberts ,Redmond,44.25406722,-121.1499633
CRW,2008.0,0.02842618611992753,92.0,0.31608529869410046,1058.0,3414.0,9.509068234809574,7.87707161192174,471.44190683382016,18.599045553799538,7.005454570323071,27.62204606289703,0.03894927536231884,11.341596554097839,Yeager,Charleston,38.37315083,-81.59318972
ILM,2008.0,0.01879262398413219,61.0,0.3079295285261032,1041.0,3397.0,9.407289446760048,11.475020504629569,311.68026395347135,20.3169476324905,7.2019596767590075,18.40078185752298,0.0024154589371980675,11.475514829532289,Wilmington International,Wilmington,34.27061111,-77.90255556
RST,2008.0,0.05834258458328604,210.0,0.30120996379218595,1041.0,3353.0,8.843026070426552,9.401153999443057,234.32417081826034,6.447622550940138,0.7778887492912303,27.02786193331177,0.0,27.492852544589226,Rochester International,Rochester,43.90882639,-92.49798722
SGU,2008.0,0.010356965041304915,34.0,0.18836228642333094,634.0,3319.0,-0.15562333246512372,-1.5093861267269935,286.31411126131326,20.681986129825248,2.4358824220315327,6.11333518098089,0.14869281045751634,17.766063488375213,St George Muni,St George,37.09058333,-113.59305559999999
MSO,2008.0,0.007869030000109896,24.0,0.239809271223856,770.0,3256.0,1.2101179758927934,-0.6540404645547885,571.5856342939127,9.909183724096168,0.6215453209707656,12.916518645632834,0.07098765432098765,22.547802132327377,Missoula International,Missoula,46.91630556,-114.09055559999999
EGE,2008.0,0.03280625450757278,117.0,0.26276750703003443,992.0,3106.0,11.384365306841124,10.210584250274431,427.7258377122792,28.04192907407911,13.481837374762103,17.596306212237252,0.00508130081300813,21.3533512532868,Eagle County Regional,Eagle,39.64256778,-106.91769529999999
IDA,2008.0,0.023184762695176248,58.0,0.20769251831119037,683.0,3103.0,2.015070156531303,0.14618861216594592,357.48134999276255,15.12930977478966,5.250805364819871,10.995158342983013,0.01699029126213592,18.070356947157173,Idaho Falls Regional,Idaho Falls,43.51455556,-112.07016670000002
LNK,2008.0,0.030338360873435954,91.0,0.2803444335943662,852.0,3037.0,10.612812917779786,9.82189578732631,470.35185671551307,6.8282548504361,1.8069866975327409,45.062192229816525,0.0882936507936508,25.08178171927859,Lincoln Municipal,Lincoln,40.85097222,-96.75925
STT,2008.0,0.011033355870686073,29.0,0.3550951193130498,1119.0,2972.0,7.998037565334523,7.473479506064301,1240.989309331506,15.867042705462334,0.7554966024245685,13.886067722309283,0.044570707070707066,23.21625205781477,Cyril E. King,Charlotte Amalie,18.33730556,-64.97336111
DAB,2008.0,0.02079794589049445,67.0,0.3373638230825356,1007.0,2957.0,11.525793412768522,12.592725855908322,437.31711328537267,20.440777661125697,3.3620083234395612,25.455810913914643,0.0,19.29130576588943,Daytona Beach International,Daytona Beach,29.17991667,-81.05805556
FSM,2008.0,0.031450266114349576,91.0,0.21499252120312787,626.0,2937.0,5.569490355860252,4.139086240252989,307.39187402075703,19.915052131963897,6.048264962115115,15.531840911652017,0.014367816091954025,24.31985827376928,Fort Smith Regional,Fort Smith,35.33659028,-94.36744111
MBS,2008.0,0.05962791453271018,158.0,0.2236553707226074,639.0,2918.0,8.16851258707758,8.858364220255995,170.07213916398084,18.841010644539622,1.3443319864212437,36.81364847869073,0.0,21.6500190042571,Mbs International,Saginaw,43.53291472,-84.07964722
BGR,2008.0,0.03223986834422504,92.0,0.32004143826014847,917.0,2879.0,12.638803492032054,13.001825269021401,537.5444567076198,17.053868310019762,7.08464533365219,38.509083555747274,0.025641025641025644,5.624928056779251,Bangor International,Bangor,44.80744444,-68.82813889
SUN,2008.0,0.06574307216500398,179.0,0.16004973049515328,454.0,2871.0,-0.4124648210343332,-1.8512981069238033,222.95032679738563,13.870855581517345,6.207327399974459,8.025923627026568,0.1324404761904762,11.546642254362844,Friedman Memorial,Hailey,43.50484139,-114.29659029999999
CMI,2008.0,0.05166989455941456,143.0,0.2506716765179476,696.0,2774.0,11.100772742697623,12.363199684520195,210.20005555649428,19.97845330943613,2.8488115752924634,29.16955278374181,0.0,13.377202307805804,University of Illinois-Willard,Champaign/Urbana,40.03925,-88.27805556
FCA,2008.0,0.008470159810188109,23.0,0.18888775755281448,554.0,2762.0,1.0520656372164467,0.8725132954849854,648.4708049432227,20.45630581304471,3.358498599590018,17.944332544313713,0.17879407753750243,17.498547733185458,Glacier Park Intl,Kalispell,48.31140472,-114.25506940000001
CPR,2008.0,0.011705574272063935,35.0,0.2150430146464589,584.0,2709.0,1.2354832910648645,-3.391728678830249,302.50780178849465,16.798991887062808,4.030354894862172,13.979677435985991,0.10540788896203641,20.548301186644476,Natrona County Intl,Casper,42.90835556,-106.46446609999998
ABI,2008.0,0.016211063732452662,43.0,0.20185373847496124,539.0,2660.0,6.831498471920725,4.930811125958935,158.0,47.043674024298745,9.956250912135673,15.799237962648137,0.0,13.148857070111161,Abilene Regional,Abilene,32.41132,-99.68189722
CWA,2008.0,0.06634552067836423,138.0,0.3124189324730819,758.0,2563.0,13.695427370547387,14.058463260510289,238.19258758645094,11.962356664450857,2.2281950626007556,38.090005441584395,0.17159391534391535,22.859517522560015,Central Wisconsin,Mosinee,44.77761917,-89.66677944
PSC,2008.0,0.012291880402235127,33.0,0.1932409010421038,483.0,2541.0,-0.3758886326651565,-2.3157048504520623,643.0239513394208,8.434067957505459,2.3955853174603177,10.49576921920672,0.15550595238095238,19.588762337199835,Tri-Cities,Pasco,46.26468028,-119.11902920000001
MLU,2008.0,0.02831460798136873,74.0,0.22575451943814762,567.0,2530.0,5.440497150806909,6.513432965549693,346.7342395243927,21.18565384619696,7.631438885109098,17.6321326996551,0.047619047619047616,13.49383114258814,Monroe Regional,Monroe,32.51086556,-92.03768778
MTJ,2008.0,0.014055328234075756,37.0,0.28006822750776517,726.0,2419.0,5.3125449707297845,1.18158246555589,350.677684170646,18.026154818114534,3.409973155929038,7.734330399755591,0.27940739283450283,27.50063569742278,Montrose Regional,Montrose,38.50886722,-107.89383329999998
AGS,2008.0,0.019305140761292753,44.0,0.28383015702933656,681.0,2403.0,11.894734691877614,11.910742420704045,144.63007054673722,21.90630166930437,8.273260063187875,24.032285010925644,0.08333333333333333,8.601053264771485,Bush ,Augusta,33.369955,-81.96449611
HDN,2008.0,0.025117064445731713,79.0,0.21872927539009826,689.0,2398.0,5.430155560080876,6.998558115946724,303.837521124714,12.929033624525038,7.729375285267462,17.895501960578297,0.009837962962962963,24.033228259230167,Yampa Valley,Hayden,40.48118028,-107.21765970000001
AVP,2008.0,0.0408851092558219,98.0,0.3180857580556865,766.0,2386.0,12.477642253257834,11.396244397020858,559.6752934559067,23.938377947127822,4.613646157484666,27.389723117825223,0.08866258311249346,15.06677455553986,Wilkes-Barre/Scranton Intl,Wilkes-Barre/Scranton,41.33814944,-75.72426750000001
KTN,2008.0,0.029402517047098602,68.0,0.3970891889614497,950.0,2380.0,9.276574217479627,7.394275883965445,440.98619308626684,10.583222976056744,3.3101894729698227,6.464667164293481,0.103893375532031,36.256284212844044,Ketchikan International,Ketchikan,55.35556861,-131.71374
LAW,2008.0,0.022994620802677335,57.0,0.20235875601341455,469.0,2369.0,5.109647590415437,2.9573716448577874,322.4512639874587,17.301002451218732,7.712883833766686,9.242062503643698,0.03289473684210526,27.909185163329465,Lawton-Ft Sill Regional,Lawton,34.56771444,-98.41663667
AEX,2008.0,0.031767814973496504,74.0,0.274734773717699,642.0,2330.0,8.739364010219973,10.624379674900778,361.8672481490765,23.390313564884647,9.841434542027939,21.775202476402168,0.1498656050739384,11.31578749039727,Alexandria International,Alexandria,31.32737167,-92.54855611
MOD,2008.0,0.03874333377825696,86.0,0.41983410108108027,960.0,2325.0,14.678577380187036,13.673015986189311,127.03657402710098,8.055215953336306,0.7752117816823699,27.530249267244212,0.17094485885622349,27.804305977303603,Modesto City-County-Harry Sham ,Modesto,37.62581722,-120.95442140000002
CLD,2008.0,0.015034513153327031,35.0,0.27434865345752896,636.0,2303.0,1.8836467965994517,1.72469615997385,89.69779134361168,11.282149879214819,0.9213208201013079,9.949709556008044,0.375,20.934887750975125,MC Clellan-Palomar Airport,,33.127231,-117.278727
BIS,2008.0,0.017733775473292367,41.0,0.28754705623931587,652.0,2293.0,3.4917919516612588,3.4668438386811786,457.80334435630016,12.988209833650174,3.8018641006380043,10.300695536861568,0.08719704365424308,22.714554867743264,Bismarck Municipal,Bismarck,46.77411111,-100.74672220000001
FAY,2008.0,0.015094718395977173,34.0,0.34578253606652787,788.0,2267.0,12.585248676611052,14.58132238873696,323.5807922593386,26.252968117339123,9.797631399924516,21.435702703250623,0.020477642276422764,9.081283259607877,Fayetteville Municipal,Fayetteville,34.99147222,-78.88
GTF,2008.0,0.008929454769556896,19.0,0.1858320546594681,399.0,2140.0,-0.6320157539884483,-3.737496180035297,571.4330154753742,12.274091757915288,0.8171023965141612,12.849397423110661,0.0,24.255934520272756,Great Falls Intl,Great Falls,47.48200194,-111.37068529999999
TRI,2008.0,0.02770759373632511,57.0,0.1965662179136903,415.0,2117.0,6.658226825986666,3.7895020806444344,228.30605567460273,31.161138233941884,5.803111105913416,18.956142794349706,0.0207551887971993,8.165279189422648,Tri-Cities Regional,Bristol,36.47521417,-82.40742056
LRD,2008.0,0.019011427024014524,40.0,0.2875300290128929,607.0,2115.0,6.49861563069823,6.216874717073594,362.8209340286663,14.064126537095929,2.0117955004411914,15.408492805596516,0.002777777777777778,26.690688394514492,Laredo International,Laredo,27.54373861,-99.46154361
GNV,2008.0,0.0213426865240146,44.0,0.2177306161280308,452.0,2064.0,9.956411722059567,5.871573641591258,300.0,25.994838528401477,8.252131766117117,29.604351266965477,0.0,8.364667659237144,Gainesville Regional,Gainesville,29.69005556,-82.27177778
DLH,2008.0,0.02288921991942709,43.0,0.20983449469898563,432.0,2013.0,2.4122164007323996,0.8975012031175097,292.15636692984157,15.521899696277906,11.047577683067894,12.651972724180682,0.0,18.422395943540838,Duluth International,Duluth,46.84209028,-92.19364861
LSE,2008.0,0.058630671284391846,111.0,0.26842817266581115,527.0,2005.0,7.162916383151351,9.593812437932737,194.7482603643796,9.221016224829784,0.2613564754454585,27.34883617245905,0.0,24.138809103639613,La Crosse Municipal,La Crosse,43.87937972,-91.25653778
MLB,2008.0,0.02140708073832001,43.0,0.3191489441281751,639.0,2002.0,8.670432224407888,11.483211301127554,443.48761904761903,16.774502813978447,2.158714970514318,22.882250589384412,0.34312512883941454,12.05661925669267,Melbourne International ,Melbourne,28.10275,-80.64580556
ACT,2008.0,0.03582733582099252,74.0,0.2620116790066954,508.0,1993.0,5.356156913664905,3.2163051499746786,89.0,12.219892764045989,12.78981665735698,8.085145812968392,0.0,25.530148256761162,Waco Regional,Waco,31.61128833,-97.23051917
HLN,2008.0,0.012633725287027506,25.0,0.21597974927143992,423.0,1986.0,1.9193834155552754,-2.2581898401784737,534.2278299785631,20.499551919818405,2.5957934057306766,11.564283380971048,0.2173820109439124,16.174574324401075,Helena Regional,Helena,46.60681806,-111.9827503
FLG,2008.0,0.055861127724822296,102.0,0.13315853640501185,249.0,1871.0,3.0843467837453566,5.502886225148681,119.0,42.087093505354254,8.11321890448942,12.591682256730612,0.12179487179487179,0.0,Flagstaff Pulliam,Flagstaff,35.13845472,-111.67121829999999
SPS,2008.0,0.03751814391321563,77.0,0.19065655106199167,389.0,1833.0,3.3560339747126777,1.1699637956876843,113.0,16.319789377094637,8.110207119736929,6.767423700897854,0.0,30.329517131190627,Sheppard AFB/Wichita Falls Municipal,Wichita Falls,33.98879611,-98.49189333
TWF,2008.0,0.017028742706426254,40.0,0.14949939892293726,316.0,1813.0,-0.9626198413009742,-4.231447918106052,174.88954075078573,10.821756429844665,7.427176173499703,5.634090909090909,0.09090909090909091,14.825995246583483,Joslin Field - Magic Valley,Twin Falls,42.48180389,-114.4877356
RDD,2008.0,0.0243604034490405,41.0,0.36649428875958806,614.0,1682.0,16.475993690330053,15.340788608612877,199.09484649122805,5.467836388883349,0.41586178064813745,46.426202962516875,0.4955853174603175,21.35491958550479,Redding Municipal,Redding,40.50898361,-122.2934019
SMX,2008.0,0.019946976337507125,34.0,0.2274186632712029,382.0,1681.0,1.5559511241799957,-2.063460038774537,135.0,27.721686452649095,0.5208333333333334,8.218208041082448,0.24416433239962654,22.51490874853366,Santa Maria Pub/Capt G Allan Hancock ,Santa Maria,34.89924833,-120.4575825
PIH,2008.0,0.012072497667480022,20.0,0.09933035828000765,166.0,1659.0,-4.161914192098023,-6.492620428860799,150.0,16.836324451410658,5.623850574712644,6.683751306165099,0.09090909090909091,16.426526347216,Pocatello Regional,Pocatello,42.91130556,-112.59586110000001
TYR,2008.0,0.029330589648350763,50.0,0.21367162934264983,329.0,1585.0,5.172097516219806,3.464900714484686,103.0,19.606591520707898,6.252579935230798,12.071636676701331,0.0,24.3896004378763,Tyler Pounds ,Tyler,32.35413889,-95.40238611
EKO,2008.0,0.01706316209609483,28.0,0.1948900254237803,311.0,1580.0,0.025878264761461416,1.5614840841040702,199.88758389261747,15.516418650793653,0.5009259259259259,7.527777777777778,0.7087962962962964,16.981283068783068,Elko Regional,Elko,40.82492611,-115.79169640000002
BQN,2008.0,0.00553330861450995,9.0,0.31999100327045915,493.0,1519.0,5.103787711212882,1.9800542118591615,1436.8543019288481,23.65254428098274,0.0,9.941640622735823,0.2530952380952381,25.368408463812873,Rafael Hernandez,Aguadilla,18.49486111,-67.12944444
CSG,2008.0,0.02478499477960522,36.0,0.36787056365073156,537.0,1481.0,9.9942119866918,10.689929396183837,83.0,25.49337162411875,7.059165988332655,13.804612378893987,0.04006410256410257,13.309270954673254,Columbus Metropolitan,Columbus,32.51633333,-84.93886111
TOL,2008.0,0.05391613637104522,82.0,0.2922023517267565,434.0,1478.0,7.979879942640022,6.332633989165352,236.75947143228908,9.393264698690873,1.2999072599308448,22.945058345579955,0.0,23.628100191355458,Toledo Express,Toledo,41.58680556,-83.80783333
BRO,2008.0,0.038041137214849106,54.0,0.23561094344639325,342.0,1464.0,4.943235503344046,5.34922875634359,308.0,18.702686060690446,3.4812109187109184,20.690151673375357,0.0,21.12208894500561,Brownsville/S.Padre Island International,Brownsville,25.90683333,-97.42586111
ERI,2008.0,0.045060002313421395,61.0,0.21700657269969212,298.0,1399.0,4.846607746782422,2.769785231882363,162.96280991735537,10.819862609716933,0.5256140350877193,12.819337812876347,0.22395273899033297,36.75131107666352,Erie Intl,Erie,42.08202139,-80.17621556
DHN,2008.0,0.013548168317499753,19.0,0.32929496928882646,460.0,1397.0,12.325744256369454,13.605479155890658,171.0,29.632002043226553,8.181680767563229,19.214543094884213,0.06547619047619048,8.822047191674555,Dothan ,Dothan,31.32133917,-85.44962889
CIC,2008.0,0.02123365942055135,29.0,0.3894908430670226,543.0,1392.0,17.29938013772306,16.987448051934862,153.1125730994152,8.760987586432869,0.6414587664587664,23.90912378301258,0.16565908013276434,42.941740294945525,Chico Municipal,Chico,39.79538278,-121.8584231
GFK,2008.0,0.01723082568670804,24.0,0.17802013858861618,243.0,1371.0,3.5362291538250195,2.7375014786891625,284.0,27.35105723818387,4.771128868677615,13.382822590755834,0.11507936507936507,16.41671761786534,Grand Forks International,Grand Forks,47.949255,-97.17611111
CLL,2008.0,0.029309989714360402,39.0,0.23567069431748164,318.0,1367.0,5.972621233013613,5.561449924941232,147.8365026292556,17.672081038634833,8.23687242085075,10.957992547224357,0.0,29.03798997886653,Easterwood ,College Station,30.58858944,-96.36382417
DBQ,2008.0,0.0703222070633361,93.0,0.2783929927229989,374.0,1349.0,8.539354865026871,10.821337708223664,147.0,8.478075224940861,2.5970222094214033,32.407027684296615,0.0,24.270673429450923,Dubuque Municipal,Dubuque,42.40295944,-90.70916722
ELM,2008.0,0.021503052776748088,29.0,0.15879636134441902,213.0,1336.0,3.4922867662990513,-0.24494614122642222,331.0,10.480104617604617,3.4186958874458875,13.036265491044903,0.0,32.5084553518377,Elmira/Corning Regional,Elmira,42.15991361,-76.89144333
SIT,2008.0,0.017881231804069784,22.0,0.3603739711550116,478.0,1332.0,9.898328816761119,6.5483497960429675,223.35268124944278,17.85367245722282,5.501518537311779,6.635107446598252,0.17889784946236556,36.9396241716784,Sitka,Sitka,57.04713806,-135.3615983
SJT,2008.0,0.013726545608636821,22.0,0.22775460219947555,322.0,1315.0,3.1181837833949118,-0.10078041654503027,228.0,7.930218366163342,5.968622665213573,6.0061946426778965,0.0,33.34966795564881,San Angelo Regional /Mathis ,San Angelo,31.35775,-100.4963056
OXR,2008.0,0.015484841426432935,20.0,0.1722749900021113,224.0,1292.0,-1.8403986346182464,-3.1761055092530714,49.07894736842105,16.89375,2.6155092592592593,6.689236111111112,0.0,20.02835648148148,Oxnard,Oxnard,34.20080083,-119.20721640000001
TXK,2008.0,0.0443007150679042,56.0,0.2165270943866354,272.0,1250.0,6.135717151875084,6.089032930925382,181.0,14.115393557475263,11.222258606546532,9.359500330388068,0.0,27.045264441764644,Texarkana Regional-Webb ,Texarkana,33.45370806,-93.99101999999999
SPI,2008.0,0.08118686210218229,110.0,0.3259839803528147,410.0,1225.0,20.999090185596945,20.435715828936825,219.0517245637379,16.53060567035899,0.4411711711711712,47.76708725145277,0.38115530303030304,20.164182434763557,Capital,Springfield,39.84395194,-89.67761861
COD,2008.0,0.014956859007515413,16.0,0.13716995031079243,161.0,1188.0,-3.8507273633629615,-7.4919024655919015,335.100066335618,10.33278388278388,5.826032763532763,15.228434065934065,0.6770833333333334,25.162828144078148,Yellowstone Regional,Cody,44.52019417,-109.02379609999998
OAJ,2008.0,0.023133225965582812,28.0,0.2827129733747948,340.0,1184.0,8.614320390769098,9.243817157587214,398.20145360764315,23.880222213242092,10.653353851605425,24.798937254372035,0.0,9.468980418233135,Albert J Ellis,Jacksonville,34.82916444,-77.61213778
ABY,2008.0,0.015312916829764107,17.0,0.3444553044510102,379.0,1095.0,10.889046406699352,11.89767287407013,146.0,22.467618500172946,7.560655625378856,18.435104323988174,0.0603448275862069,10.67163903851744,Southwest Georgia Regional,Albany,31.535515000000004,-84.19447333
OME,2008.0,0.0504930444866791,55.0,0.3902264517287608,425.0,1090.0,5.75693496476559,3.159299897730968,421.08346181519164,5.090386553805671,2.453404493110375,4.253513180719062,0.7576624083977025,37.30420683619214,Nome,Nome,64.51220222,-165.4452458
OTZ,2008.0,0.03497612752763403,38.0,0.39906402337271213,433.0,1086.0,6.465027582193561,2.8714717163949413,304.6498534440645,4.748814502490973,3.8022262777164744,3.0602561926091334,0.9948535601109131,36.73761618737108,Ralph Wien Memorial,Kotzebue,66.88467694,-162.5985497
MOT,2008.0,0.01125358358788015,12.0,0.16208210102694312,175.0,1085.0,3.6775175894380645,4.4972614695177935,449.0,40.68580258781666,7.165909786434082,16.45738572193176,0.0,18.42838870540277,Minot International,Minot,48.25937778,-101.2803339
CEC,2008.0,0.04539936790657603,48.0,0.4473169083869765,476.0,1063.0,24.380574170178047,24.882770707588904,219.96605678652472,10.07279201302922,1.904093154924272,38.33347781999908,0.0,25.483769515397885,Jack McNamara ,Crescent City,41.78015722,-124.23653329999999
GCC,2008.0,0.014685144285106954,16.0,0.37303935009025957,380.0,1046.0,8.512868728430682,15.504306035323571,332.4728036651523,19.573193088770303,6.497754274710796,13.048411845525788,0.17879310344827587,13.135849006066397,Gillette-Campbell County,Gillette,44.34889806,-105.5393614
BET,2008.0,0.02702749051381019,28.0,0.43854361433052286,454.0,1035.0,7.984789799110607,5.845505273369626,399.0,7.433763093631515,1.91199390384173,1.9964646231808707,0.5131056808688388,36.14385743928078,Bethel,Bethel,60.77977639,-161.8379975
EYW,2008.0,0.018975170823731288,16.0,0.44635764409509143,454.0,1009.0,15.09522474274367,16.795054670073252,636.3622994652407,21.827752877462178,12.69661954313117,12.315735939427798,0.022522522522522525,9.662065761775063,Key West International,Key West,24.55611111,-81.75955556
LCH,2008.0,0.04514916746231601,45.0,0.22053380294147862,225.0,1000.0,6.705729081965884,6.465310268812398,127.0,32.42694140690464,12.34009238310709,19.669166352438413,0.8083333333333332,12.235725134070721,Lake Charles Regional,Lake Charles,30.126097499999997,-93.22340361
MQT,2008.0,0.03996346737274489,40.0,0.2448106279999113,243.0,991.0,13.15551069964343,10.71237950729219,224.0021175918038,47.81423584728538,5.8122434668874305,19.416498369478244,0.0,3.784722222222222,Marquette County Airport,,46.353639,-87.395361
IPL,2008.0,0.015186524789278753,14.0,0.21551727814062918,227.0,989.0,-2.8522007970115966,-1.1459887324036833,148.00500768938562,13.341466750841752,3.4107323232323234,8.030650252525254,0.4181818181818182,11.229145622895624,Imperial County,Imperial,32.83422028,-115.5787456
GGG,2008.0,0.03924864884506032,39.0,0.248756590086933,232.0,978.0,6.587842021743363,5.139570837481209,140.0,34.991771885521885,4.200198412698413,8.564357864357865,0.0,24.49732744107744,Gregg County,Longview,32.38486111,-94.71171
GTR,2008.0,0.018583607881143552,18.0,0.30970502877330336,299.0,964.0,10.282387612797228,12.443240798904993,241.0,22.520834565287895,5.23974358974359,27.053646329397605,0.050366300366300375,13.552819943980431,Golden Triangle Regional,Columbus-Starkville-West Point,33.45033444,-88.59136861
ROW,2008.0,0.013138758912182039,12.0,0.3116274707951312,300.0,961.0,7.911872939361242,6.067864677105877,435.0,24.58070471875619,9.33125946085505,5.783428281957693,0.08397393048128343,22.957078923255395,Roswell Industrial Air Center,Roswell,33.30155556,-104.5305556
GUC,2008.0,0.04090136455851964,44.0,0.29366668402147894,301.0,959.0,11.81969307332786,12.368265931751127,210.103346774598,21.64434369886124,10.00320448070448,14.358526002911967,0.10087719298245613,20.049035386316092,Gunnison County,Gunnison,38.53396333,-106.9331817
IYK,2008.0,0.043223726288543686,42.0,0.15338056560142083,149.0,958.0,-1.9811916017886995,-3.128523827772654,122.96813618507201,23.692355371900828,3.1859504132231407,13.844903581267216,0.36363636363636365,16.099714679260135,Inyokern,Inyokern,35.65884306,-117.8295122
RKS,2008.0,0.02263362881075558,28.0,0.35531173215817785,275.0,951.0,6.177032122357919,13.328968971954993,232.7723375410973,18.463205897989177,7.076427432216906,9.802728836351125,0.31823529411764706,9.722201895112113,Rock Springs-Sweetwater County,Rock Springs,41.5942175,-109.0651928
VLD,2008.0,0.0165574207502498,16.0,0.3669868742566176,349.0,938.0,10.595135060233451,11.680703530335068,208.0,23.90840481329578,7.294650235573157,19.939000819160555,0.029411764705882356,10.722638650508832,Valdosta Regional,Valdosta,30.7825,-83.27672222
BQK,2008.0,0.02146695815197026,19.0,0.27672470948140343,258.0,925.0,6.176543804419958,6.182531085337829,238.0,18.935338857765327,8.031959033613445,20.86689133986928,0.022222222222222223,10.328410947712419,Glynco Jetport,Brunswick,31.25902778,-81.46630556
HHH,2008.0,0.052617045545294186,44.0,0.23848864758164917,201.0,836.0,14.641630063731675,11.796086590534395,239.0,37.072505431054545,14.752261055937526,16.938796802612593,0.16477272727272727,14.187486363981577,Hilton Head,,32.224384,-80.697629
CHO,2008.0,0.021268296293035244,17.0,0.27446171756816967,223.0,823.0,8.51408504831958,10.221575700535064,453.0976290584499,18.29933844750021,7.916619981325863,27.885145573380868,0.17857142857142858,8.083279220779222,Charlottesville-Albermarle,Charlottesville,38.13863889,-78.45286111
EWN,2008.0,0.01740195847082027,14.0,0.2762796399029277,223.0,791.0,7.786179244343241,11.456049028221484,433.0,22.21403172612412,11.174018719806762,17.229879691564477,0.05555555555555555,8.20551374953549,Craven County Regional,New Bern,35.07297222,-77.04294444
PSE,2008.0,0.01471079575449418,10.0,0.1548421380387184,127.0,755.0,-0.19233146670711906,-1.6112957851637546,1386.6252351519067,10.30151515151515,1.525874125874126,11.201864801864803,1.1832167832167833,39.43356643356643,Mercedita,Ponce,18.00830278,-66.56301194
BGM,2008.0,0.038807295823566255,28.0,0.17629454363396033,128.0,728.0,6.090021390394246,4.901059598114777,378.0,16.50260942760943,5.596933621933623,18.798550986050987,0.0,28.643278018278014,Binghamton Regional,Binghamton,42.20848278,-75.97961361
BRW,2008.0,0.023163082437275984,17.0,0.5846357063403782,426.0,728.0,16.463497640831935,12.590457002778416,614.0,5.297948670696349,2.7698941405172057,2.2593764640359066,4.42933918349166,36.06957509094506,Wiley Post Will Rogers Memorial,Barrow,71.2854475,-156.76600190000002
PMD,2008.0,0.03248912732552977,21.0,0.3301320766171983,238.0,728.0,13.141881646671424,13.998620295368632,316.0,9.268263616888936,0.0,40.74551073275497,0.1769788182831661,16.84871650029898,Palmdale Production Flight,Palmdale,34.62938889,-118.0845528
PSG,2008.0,0.04023936409779436,29.0,0.45208936902061075,329.0,727.0,13.8115182410871,9.501196194599734,77.06497175141243,6.952738070752776,1.7924688057040996,4.329118485000838,0.15857843137254904,47.753968702865755,James C. Johnson Petersburg,Petersburg,56.80165194,-132.9452781
SCC,2008.0,0.00965924683002038,7.0,0.4487687197953784,327.0,727.0,10.918122768814724,8.558871143153366,414.7019774011299,7.617575208607817,8.610436403371187,2.6729736547671332,1.6522397891963108,42.53681941046072,Deadhorse,Deadhorse,70.19475583,-148.4651608
WRG,2008.0,0.04318289415525515,31.0,0.3324907985227361,242.0,727.0,8.416397326249188,4.792883585709379,56.46398305084745,7.361705345093504,2.952091767881242,4.091783600171758,0.5614035087719298,45.23817405182536,Wrangell,Wrangell,56.48432583,-132.3698242
CDV,2008.0,0.02370836016626661,17.0,0.35146906244104886,255.0,725.0,8.257234682864398,7.598671974521277,186.46125730994152,6.116256825638977,0.20600414078674947,2.9961314778534462,0.47855750487329435,54.58170611277018,Merle K (Mudhole) Smith,Cordova,60.49183389,-145.4776503
YAK,2008.0,0.022319471277377722,16.0,0.3531133520675995,256.0,725.0,7.2075905935857,5.716270685290946,206.01023391812865,4.424678935901846,0.2638888888888889,3.678414377446885,0.30686274509803924,57.480833210477165,Yakutat,Yakutat,59.50336056,-139.6602261
BTM,2008.0,0.0254913795426646,18.0,0.14136492295874836,101.0,708.0,-2.8382256193173294,-2.524132065682287,357.0,3.0444444444444447,8.391666666666666,11.458333333333334,0.11333333333333333,19.16111111111111,Bert Mooney,Butte,45.95479528,-112.49746
ADQ,2008.0,0.06167223072221812,43.0,0.4076166595433763,287.0,706.0,5.871698603202469,3.8806314633113814,252.0,9.456010656010656,1.4925942113442112,3.421810134310134,1.84265873015873,32.83127936877937,Kodiak ,Kodiak,57.74996778,-152.4938553
MEI,2008.0,0.018069044769640597,12.0,0.2832418134088054,191.0,674.0,9.197902462042837,10.765121129692396,267.0,22.842291809068126,3.2798370124028016,27.047980163111745,0.42628205128205127,8.236482669377407,Key ,Meridian,32.33313333,-88.75120556
MCN,2008.0,0.04492525994374456,30.0,0.2816174560468427,185.0,652.0,10.260079258937859,10.06377658055915,79.0,42.55938042220937,9.951927896664738,15.172374847374845,0.2017543859649123,0.6166666666666667,Middle Georgia Regional,Macon,32.69284944,-83.64921083
LWS,2008.0,0.00307909604519774,2.0,0.25039548541881235,162.0,652.0,0.6013201226041103,-3.8427481120906726,460.3413461538462,17.89,2.6350000000000002,8.536666666666667,1.0333333333333334,13.514444444444445,Lewiston-Nez Perce County,Lewiston,46.37449806,-117.01539440000002
SCE,2008.0,0.03918835409380459,28.0,0.18777527659604057,119.0,645.0,4.158765370003079,4.240425070863446,357.03626210484526,26.24431675350793,6.797288087729264,15.981607036754097,0.09313725490196079,7.1148504273504285,University Park,,40.851206,-77.84630200000001
LYH,2008.0,0.02344545811978084,15.0,0.17485071653032894,110.0,625.0,2.8899448446289386,3.4975578477335394,389.0,23.329903198653195,4.278505291005291,25.512199374699374,0.0,5.1704365079365076,Lynchburg Municipal-Preston Glenn ,Lynchburg,37.32668528,-79.20043056
FLO,2008.0,0.022271909281713204,14.0,0.3510801368677538,214.0,615.0,7.949610225861972,9.225141072606606,273.0,14.971147486772486,8.624305555555557,20.909478715728714,0.4333333333333333,11.260111531986533,Florence Regional,Florence,34.18536111,-79.72388889
CDC,2008.0,0.018175127313814547,12.0,0.1376111931692694,90.0,610.0,-0.45282049293379645,1.134154967120457,220.9575109649123,14.02453703703704,0.40277777777777773,7.563425925925927,0.0,24.719444444444445,Cedar City Muni,Cedar City,37.70097028,-113.098575
OTH,2008.0,0.024752266497997045,17.0,0.4660922479263954,257.0,515.0,19.15462034472569,26.226928407812775,355.8496732026144,4.103500122359772,0.9447250280583614,35.10758820451803,0.03535353535353535,22.931402580525386,North Bend Muni,North Bend,43.41713889,-124.2460278
LMT,2008.0,0.030968480214341242,18.0,0.34183364706116887,188.0,511.0,18.295681625807713,20.059491322639573,297.02372193405193,15.347710930891168,1.6972222222222222,42.17025129648019,0.0,14.701936444885797,Klamath Falls International,Klamath Falls,42.15614361,-121.7332081
SLE,2008.0,0.0018518518518518517,1.0,0.26479783111308663,139.0,486.0,1.4026863042236077,-9.667438989538077,627.3703703703703,43.08571428571429,0.0,1.1428571428571428,0.5714285714285714,16.285714285714285,McNary Fld,Salem,44.90952778,-123.0025
ACK,2008.0,0.04976769459356832,38.0,0.45757888024198773,241.0,457.0,20.36195871761089,16.426269841269843,207.39348271072149,23.74213995943205,5.515846855983773,26.554639959432045,0.0,20.58696754563895,Nantucket Memorial,Nantucket,41.25305194,-70.06018139
STX,2008.0,0.0077485380116959065,4.0,0.5209102903823699,230.0,436.0,14.084026773978005,15.181463651408505,1224.9786897160332,7.214614635880115,1.392236246725411,9.021853034091812,0.16666666666666666,29.03247521205145,Henry E. Rohlsen ,Christiansted,17.70188889,-64.79855556
MKG,2008.0,0.01113956367120924,5.0,0.28458206116433965,121.0,396.0,1.7917695861920546,3.10329759785456,93.88158508158507,17.044675925925926,7.393148148148147,9.765277777777778,0.0,8.413518518518519,Muskegon County,Muskegon,43.16948806,-86.23822306
YKM,2008.0,0.009109386548410939,3.0,0.31414483762452794,108.0,340.0,1.0365963192302625,5.209710994506572,586.0,10.717460317460318,1.3182539682539682,6.720634920634921,0.0,7.434920634920635,Yakima Air Terminal,Yakima,46.56816972,-120.54405940000001
CMX,2008.0,0.10447020466119254,39.0,0.11656999804207392,43.0,303.0,10.388418890434702,8.399172867828995,277.0,71.3043956043956,9.378021978021978,15.692673992673992,0.0,25.857692307692307,Houghton County Memorial,Hancock,47.16841722,-88.48906083
RFD,2008.0,0.015219242230736485,5.0,0.14148557856966812,48.0,283.0,1.0797894160689079,4.034199867484804,829.0,26.73148148148148,0.0,8.962962962962964,0.0,18.29212962962963,Greater Rockford,Rockford,42.19536389,-89.09721111
BPT,2008.0,0.06774298819460109,19.0,0.14207936355656045,44.0,274.0,-0.06937086296571984,-3.4429701664245895,79.0,49.761904761904766,15.047619047619047,11.416666666666666,0.0,0.0,Southeast Texas Regional,Beaumont/Port Arthur,29.95083333,-94.02069444
ALO,2008.0,0.17340983888397685,55.0,0.14019062940039953,46.0,270.0,6.656095270576105,7.138015953344901,166.0,68.35416666666667,0.0,13.527777777777779,0.0,5.5,Waterloo Municipal,Waterloo,42.55708139,-92.40034361
PLN,2008.0,0.11450216450216451,13.0,0.17812068048910154,26.0,264.0,15.234271790587579,14.267848510164303,243.77473684210526,110.80999999999999,1.52,12.273333333333333,0.5,6.273333333333333,Pellston Regional  of Emmet County,Pellston,45.5709275,-84.796715
RHI,2008.0,0.05320211757920323,14.0,0.2841619081422567,45.0,220.0,16.71299786275632,16.35936366371149,190.0,14.25185185185185,2.375,17.9994708994709,0.0,29.823412698412696,Rhinelander-Oneida County,Rhinelander,45.63119306,-89.46745361
WYS,2008.0,0.003472222222222222,1.0,0.0676937441643324,18.0,196.0,-6.191180169250799,-11.110024115279915,273.0,0.0,0.0,1.0,0.0,51.666666666666664,Yellowstone,West Yellowstone,44.68839917,-111.1176375
TEX,2008.0,0.21646868066222907,41.0,0.3180785970302099,57.0,194.0,19.61155287635551,24.717843056658847,387.0,39.7322006940428,1.355263157894737,17.249233661075767,0.0,0.0,Telluride Regional,Telluride,37.95375861,-107.90848000000001
LWB,2008.0,0.009216589861751152,2.0,0.4552995391705069,68.0,184.0,16.567281105990784,16.298924731182797,369.0,22.703463203463205,4.834920634920635,24.60310245310245,0.0,11.086580086580085,Greenbrier Valley,Lewisburg,37.85830556,-80.39947222
HTS,2008.0,0.018518518518518517,3.0,0.08762554637508392,14.0,158.0,-1.1107411518066346,-7.757183376495253,123.0,21.71428571428571,40.285714285714285,8.031746031746032,0.0,0.0,Tri-State/Walker-Long ,Huntington,38.36666667,-82.55802778
ITH,2008.0,0.07333333333333333,11.0,0.31931776047460136,45.0,132.0,7.497178346310716,16.57137326073805,353.0,4.596791443850267,7.624904507257449,23.442245989304816,1.575171886936593,1.7764705882352942,Tompkins Cty ,Ithaca,42.49102778,-76.45844444
BLI,2008.0,0.008333333333333333,1.0,0.07448090470893586,9.0,120.0,-5.566768631813126,-12.126900259547646,757.0,9.0,23.166666666666668,12.5,0.0,0.0,Bellingham Intl,Bellingham,48.79275,-122.53752779999999
SUX,2008.0,0.05884698376958439,11.0,0.20986568471088596,30.0,118.0,4.380756578947369,2.3861476608187133,234.0,2.888888888888889,15.5,12.855555555555554,0.0,25.43333333333333,Sioux Gateway ,Sioux City,42.40260333,-96.38436694
DLG,2008.0,0.026881720430107527,5.0,0.6391645988420183,74.0,116.0,17.353164077302008,18.434208033345964,329.0,4.4121810207336525,0.0,4.978668261562999,4.959230462519936,24.423943381180223,Dillingham,Dillingham,59.0454125,-158.5033389
ACY,2008.0,0.024462365591397847,3.0,0.37930392744074615,43.0,116.0,18.73342175066313,5.7634482758620695,663.4559325176122,82.875,0.0,60.104166666666664,0.0,0.0,Atlantic City International,Atlantic City,39.45758333,-74.57716667
AKN,2008.0,0.01075268817204301,2.0,0.7996277915632755,87.0,114.0,22.13077921337098,22.1257326007326,167.6033912324235,13.773232323232323,0.0,2.479040404040404,0.9777777777777777,24.708207070707072,King Salmon,King Salmon,58.67680167,-156.6492175
ADK,2008.0,0.09755291005291004,10.0,0.5739087301587301,59.0,102.0,13.699404761904761,5.05109126984127,1192.0,4.783333333333333,0.0,1.6833333333333336,0.0,36.358333333333334,Adak,Adak,51.87796389,-176.6460306
GST,2008.0,0.02150537634408602,2.0,0.5465170640486209,47.0,85.0,9.671535200141864,9.086714707162548,41.0,2.7809523809523813,0.0,5.2746031746031745,1.0285714285714285,37.33174603174603,Gustavus,Gustavus,58.42438139,-135.7073814
BJI,2008.0,0.012820512820512822,1.0,0.04786324786324786,4.0,56.0,-2.987407407407407,-4.32,199.0,0.0,0.0,50.25,0.0,10.75,Bemidji-Beltrami County,Bemidji,47.50942417,-94.93372333
INL,2008.0,0.013333333333333334,1.0,0.013333333333333334,1.0,25.0,-4.637931034482759,-5.825670498084292,254.0,15.0,0.0,0.0,0.0,0.0,Falls International,International Falls,48.56618722,-93.40306667
TUP,2008.0,0.0,0.0,0.1,1.0,10.0,-3.8,-1.8,253.0,0.0,0.0,26.0,0.0,0.0,Tupelo Municipal ,Tupelo,34.26810833,-88.76989499999999
PIR,2008.0,0.0,0.0,0.5833333333333333,3.0,5.0,27.25,29.666666666666668,872.5,99.0,0.0,19.0,0.0,0.0,Pierre Regional,Pierre,44.38267694,-100.285965
PUB,2008.0,0.0,0.0,1.0,2.0,0.0,27.0,74.0,37.0,0.0,27.0,47.0,0.0,0.0,Pueblo Memorial,Pueblo,38.28908722,-104.4965722
